"Freq [GHz]","dB(S(1,1)) []"
1,-0.0147174833636231
1.08333333333333,-1.63130443751387
1.16666666666667,-0.123543856463199
1.25,-0.369825288480366
1.33333333333333,-1.10915721054152
1.41666666666667,-0.120803230619851
1.5,-0.0516049890895705
1.58333333333333,-0.0845660641219503
1.66666666666667,-0.0714865606881498
1.75,-0.0411367118289403
1.83333333333333,-0.100299687969166
1.91666666666667,-5.98048213672647
2,-3.86788217132564
2.08333333333333,-0.184342375600591
2.16666666666667,-0.0664927889519025
2.25,-0.111581123072436
2.33333333333333,-0.805738785641496
2.41666666666667,-0.649093636991515
2.5,-0.14403757926887
2.58333333333333,-0.133128364916819
2.66666666666667,-0.344733818561499
2.75,-1.79910517353919
2.83333333333333,-0.412604248285595
2.91666666666667,-0.780606776017832
3,-0.443207486954065
3.08333333333333,-0.186636439010197
3.16666666666667,-0.121643046500265
3.25,-0.405151559834207
3.33333333333333,-0.384155152115587
3.41666666666667,-0.26211548074602
3.5,-1.90792560120669
3.58333333333333,-13.2198744884746
3.66666666666667,-2.98612796230875
3.75,-4.07554511566735
3.83333333333333,-0.704177491677889
3.91666666666667,-1.90199711363288
4,-0.822020641725857
4.08333333333333,-0.349036043710632
4.16666666666667,-1.43890156035014
4.25,-0.892235164709013
4.33333333333333,-0.732016007903949
4.41666666666667,-1.10402345258466
4.5,-2.45216052222228
4.58333333333333,-2.96005103553319
4.66666666666667,-7.55642053520075
4.75,-0.986074108628509
4.83333333333333,-6.55796888826299
4.91666666666667,-1.50815904902813
5,-1.04635237039057
5.08333333333333,-3.08449401425576
5.16666666666667,-1.20071827225739
5.25,-2.65626619643432
5.33333333333333,-6.66606509413204
5.41666666666667,-6.57907129557565
5.5,-1.57208539505748
5.58333333333333,-8.50806823947033
5.66666666666667,-1.51644618360683
5.75,-1.52788539322075
5.83333333333333,-3.17174281502911
5.91666666666667,-10.6962769364691
6,-9.9847507813981
